Datetime,close
2026-07-10 05:00:00+00:00,4123.89990234375
2026-07-10 06:00:00+00:00,4125.5
2026-07-10 07:00:00+00:00,4120.60009765625
2026-07-10 08:00:00+00:00,4117.89990234375
2026-07-10 09:00:00+00:00,4106.5
2026-07-10 10:00:00+00:00,4113.7001953125
2026-07-10 11:00:00+00:00,4113.5
2026-07-10 12:00:00+00:00,4111.0
2026-07-10 13:00:00+00:00,4109.2998046875
2026-07-10 14:00:00+00:00,4108.7001953125
2026-07-10 15:00:00+00:00,4101.7001953125
2026-07-10 16:00:00+00:00,4122.10009765625
2026-07-10 17:00:00+00:00,4113.60009765625
2026-07-10 18:00:00+00:00,4109.60009765625
2026-07-10 19:00:00+00:00,4109.7001953125
2026-07-10 20:00:00+00:00,4116.60009765625
2026-07-10 21:00:00+00:00,4113.7001953125
2026-07-12 23:00:00+00:00,4084.300048828125
2026-07-13 00:00:00+00:00,4092.89990234375
2026-07-13 01:00:00+00:00,4082.10009765625
2026-07-13 02:00:00+00:00,4080.199951171875
2026-07-13 03:00:00+00:00,4076.800048828125
2026-07-13 04:00:00+00:00,4067.39990234375
2026-07-13 05:00:00+00:00,4066.300048828125
2026-07-13 06:00:00+00:00,4061.800048828125
2026-07-13 07:00:00+00:00,4063.0
2026-07-13 08:00:00+00:00,4072.800048828125
2026-07-13 09:00:00+00:00,4083.10009765625
2026-07-13 10:00:00+00:00,4076.300048828125
2026-07-13 11:00:00+00:00,4068.39990234375
2026-07-13 12:00:00+00:00,4064.0
2026-07-13 13:00:00+00:00,4075.199951171875
2026-07-13 14:00:00+00:00,4050.89990234375
2026-07-13 15:00:00+00:00,4022.39990234375
2026-07-13 16:00:00+00:00,4023.300048828125
2026-07-13 17:00:00+00:00,4000.300048828125
2026-07-13 18:00:00+00:00,4000.60009765625
2026-07-13 19:00:00+00:00,4008.5
2026-07-13 20:00:00+00:00,4009.300048828125
2026-07-13 21:00:00+00:00,4008.699951171875
2026-07-13 23:00:00+00:00,4007.39990234375
2026-07-14 00:00:00+00:00,4007.89990234375
2026-07-14 01:00:00+00:00,4011.60009765625
2026-07-14 02:00:00+00:00,4017.0
2026-07-14 03:00:00+00:00,4019.199951171875
2026-07-14 04:00:00+00:00,4022.60009765625
2026-07-14 05:00:00+00:00,4026.699951171875
2026-07-14 06:00:00+00:00,4037.800048828125
2026-07-14 07:00:00+00:00,4030.39990234375
2026-07-14 08:00:00+00:00,4027.300048828125
2026-07-14 09:00:00+00:00,4022.60009765625
2026-07-14 10:00:00+00:00,4028.699951171875
2026-07-14 11:00:00+00:00,4028.199951171875
2026-07-14 12:00:00+00:00,4038.10009765625
2026-07-14 13:00:00+00:00,4083.89990234375
2026-07-14 14:00:00+00:00,4084.0
2026-07-14 15:00:00+00:00,4093.0
2026-07-14 16:00:00+00:00,4073.10009765625
2026-07-14 17:00:00+00:00,4068.300048828125
2026-07-14 18:00:00+00:00,4070.10009765625
2026-07-14 19:00:00+00:00,4060.699951171875
2026-07-14 20:00:00+00:00,4062.10009765625
2026-07-14 21:00:00+00:00,4058.300048828125
2026-07-14 23:00:00+00:00,4055.10009765625
2026-07-15 00:00:00+00:00,4058.800048828125
2026-07-15 01:00:00+00:00,4065.10009765625
2026-07-15 02:00:00+00:00,4042.89990234375
2026-07-15 03:00:00+00:00,4041.699951171875
2026-07-15 04:00:00+00:00,4037.89990234375
2026-07-15 05:00:00+00:00,4039.10009765625
2026-07-15 06:00:00+00:00,4041.0
2026-07-15 07:00:00+00:00,4038.0
2026-07-15 08:00:00+00:00,4030.699951171875
2026-07-15 09:00:00+00:00,4037.699951171875
2026-07-15 10:00:00+00:00,4036.300048828125
2026-07-15 11:00:00+00:00,4034.300048828125
2026-07-15 12:00:00+00:00,4044.5
2026-07-15 13:00:00+00:00,4074.60009765625
2026-07-15 14:00:00+00:00,4068.5
2026-07-15 15:00:00+00:00,4067.199951171875
2026-07-15 16:00:00+00:00,4053.199951171875
2026-07-15 17:00:00+00:00,4040.300048828125
2026-07-15 18:00:00+00:00,4068.699951171875
2026-07-15 19:00:00+00:00,4066.300048828125
2026-07-15 20:00:00+00:00,4064.0
2026-07-15 21:00:00+00:00,4066.89990234375
2026-07-15 23:00:00+00:00,4065.60009765625
2026-07-16 00:00:00+00:00,4063.60009765625
2026-07-16 01:00:00+00:00,4050.39990234375
2026-07-16 02:00:00+00:00,4044.199951171875
2026-07-16 03:00:00+00:00,4036.89990234375
2026-07-16 04:00:00+00:00,4040.699951171875
2026-07-16 05:00:00+00:00,4038.300048828125
2026-07-16 06:00:00+00:00,4032.199951171875
2026-07-16 07:00:00+00:00,4035.800048828125
2026-07-16 08:00:00+00:00,4036.10009765625
2026-07-16 09:00:00+00:00,4040.300048828125
2026-07-16 10:00:00+00:00,4037.39990234375
2026-07-16 11:00:00+00:00,4035.10009765625
2026-07-16 12:00:00+00:00,4044.10009765625
2026-07-16 13:00:00+00:00,3996.39990234375
2026-07-16 14:00:00+00:00,3994.0
2026-07-16 15:00:00+00:00,4002.0
2026-07-16 16:00:00+00:00,4011.800048828125
2026-07-16 17:00:00+00:00,3996.39990234375
2026-07-16 18:00:00+00:00,3989.5
2026-07-16 19:00:00+00:00,3984.699951171875
2026-07-16 20:00:00+00:00,3984.60009765625
2026-07-16 21:00:00+00:00,3979.89990234375
2026-07-16 23:00:00+00:00,3982.10009765625
2026-07-17 00:00:00+00:00,3989.199951171875
2026-07-17 01:00:00+00:00,3995.89990234375
2026-07-17 02:00:00+00:00,3986.5
2026-07-17 03:00:00+00:00,3982.199951171875
2026-07-17 04:00:00+00:00,3995.699951171875
2026-07-17 05:00:00+00:00,3985.0
2026-07-17 06:00:00+00:00,3988.60009765625
2026-07-17 07:00:00+00:00,4003.10009765625
2026-07-17 08:00:00+00:00,3997.0
2026-07-17 09:00:00+00:00,3998.39990234375
2026-07-17 10:00:00+00:00,4001.800048828125
2026-07-17 11:00:00+00:00,3994.39990234375
2026-07-17 12:00:00+00:00,3997.89990234375
2026-07-17 13:00:00+00:00,3969.5
2026-07-17 14:00:00+00:00,4001.39990234375
2026-07-17 15:00:00+00:00,4005.5
2026-07-17 16:00:00+00:00,4024.10009765625
2026-07-17 17:00:00+00:00,4019.60009765625
2026-07-17 18:00:00+00:00,4014.800048828125
2026-07-17 19:00:00+00:00,4016.10009765625
2026-07-17 20:00:00+00:00,4019.89990234375
2026-07-17 21:00:00+00:00,4018.800048828125
2026-07-19 23:00:00+00:00,3997.89990234375
2026-07-20 00:00:00+00:00,3999.199951171875
2026-07-20 01:00:00+00:00,4013.699951171875
2026-07-20 02:00:00+00:00,4007.0
2026-07-20 03:00:00+00:00,4027.10009765625
2026-07-20 04:00:00+00:00,4027.800048828125
2026-07-20 05:00:00+00:00,4022.800048828125
2026-07-20 06:00:00+00:00,4012.300048828125
2026-07-20 07:00:00+00:00,4008.199951171875
2026-07-20 08:00:00+00:00,4022.0
2026-07-20 09:00:00+00:00,4023.300048828125
2026-07-20 10:00:00+00:00,4025.300048828125
2026-07-20 11:00:00+00:00,4029.0
2026-07-20 12:00:00+00:00,4030.5
2026-07-20 13:00:00+00:00,4012.0
2026-07-20 14:00:00+00:00,4009.5
2026-07-20 15:00:00+00:00,4010.5
2026-07-20 16:00:00+00:00,4016.199951171875
2026-07-20 17:00:00+00:00,4013.89990234375
2026-07-20 18:00:00+00:00,4009.199951171875
2026-07-20 19:00:00+00:00,4012.10009765625
2026-07-20 20:00:00+00:00,4010.699951171875
2026-07-20 21:00:00+00:00,4011.800048828125
2026-07-20 23:00:00+00:00,4004.0
2026-07-21 00:00:00+00:00,4014.39990234375
2026-07-21 01:00:00+00:00,4029.60009765625
2026-07-21 02:00:00+00:00,4027.60009765625
2026-07-21 03:00:00+00:00,4042.699951171875
2026-07-21 04:00:00+00:00,4050.89990234375
2026-07-21 05:00:00+00:00,4054.300048828125
2026-07-21 06:00:00+00:00,4066.0
2026-07-21 07:00:00+00:00,4083.0
2026-07-21 08:00:00+00:00,4075.699951171875
2026-07-21 09:00:00+00:00,4067.39990234375
2026-07-21 10:00:00+00:00,4070.199951171875
2026-07-21 11:00:00+00:00,4067.300048828125
2026-07-21 12:00:00+00:00,4060.60009765625
2026-07-21 13:00:00+00:00,4058.0
2026-07-21 14:00:00+00:00,4057.199951171875
2026-07-21 15:00:00+00:00,4072.89990234375
2026-07-21 16:00:00+00:00,4078.60009765625
2026-07-21 17:00:00+00:00,4075.89990234375
2026-07-21 18:00:00+00:00,4073.0
2026-07-21 19:00:00+00:00,4087.0
2026-07-21 20:00:00+00:00,4088.60009765625
2026-07-21 21:00:00+00:00,4082.199951171875
2026-07-21 23:00:00+00:00,4084.60009765625
2026-07-22 00:00:00+00:00,4085.199951171875
2026-07-22 01:00:00+00:00,4101.60009765625
2026-07-22 02:00:00+00:00,4126.0
2026-07-22 03:00:00+00:00,4134.7001953125
2026-07-22 04:00:00+00:00,4135.5
2026-07-22 05:00:00+00:00,4131.7998046875
2026-07-22 06:00:00+00:00,4135.5
2026-07-22 07:00:00+00:00,4121.0
2026-07-22 08:00:00+00:00,4114.60009765625
2026-07-22 09:00:00+00:00,4122.2998046875
2026-07-22 10:00:00+00:00,4118.7998046875
2026-07-22 11:00:00+00:00,4121.2001953125
2026-07-22 12:00:00+00:00,4127.39990234375
2026-07-22 13:00:00+00:00,4117.0
2026-07-22 14:00:00+00:00,4160.0
2026-07-22 15:00:00+00:00,4153.39990234375
2026-07-22 16:00:00+00:00,4164.10009765625
2026-07-22 17:00:00+00:00,4152.7998046875
2026-07-22 18:00:00+00:00,4148.10009765625
2026-07-22 19:00:00+00:00,4141.7998046875
2026-07-22 20:00:00+00:00,4136.39990234375
2026-07-22 21:00:00+00:00,4135.0
2026-07-22 23:00:00+00:00,4124.7001953125
2026-07-23 00:00:00+00:00,4135.7998046875
2026-07-23 01:00:00+00:00,4135.2998046875
2026-07-23 02:00:00+00:00,4120.5
2026-07-23 03:00:00+00:00,4130.7998046875
2026-07-23 04:00:00+00:00,4127.60009765625
2026-07-23 05:00:00+00:00,4123.7998046875
2026-07-23 06:00:00+00:00,4126.89990234375
2026-07-23 07:00:00+00:00,4121.60009765625
2026-07-23 08:00:00+00:00,4098.2998046875
2026-07-23 09:00:00+00:00,4096.0
2026-07-23 10:00:00+00:00,4093.199951171875
2026-07-23 11:00:00+00:00,4096.7001953125
2026-07-23 12:00:00+00:00,4088.89990234375
2026-07-23 13:00:00+00:00,4064.60009765625
2026-07-23 14:00:00+00:00,4045.800048828125
2026-07-23 15:00:00+00:00,4061.10009765625
2026-07-23 16:00:00+00:00,4051.199951171875
2026-07-23 17:00:00+00:00,4054.300048828125
2026-07-23 18:00:00+00:00,4043.89990234375
2026-07-23 19:00:00+00:00,4048.800048828125
2026-07-23 20:00:00+00:00,4052.10009765625
2026-07-23 21:00:00+00:00,4052.300048828125
2026-07-23 23:00:00+00:00,4052.0
2026-07-24 00:00:00+00:00,4049.39990234375
2026-07-24 01:00:00+00:00,4052.39990234375
2026-07-24 02:00:00+00:00,4046.0
2026-07-24 03:00:00+00:00,4026.699951171875
2026-07-24 04:00:00+00:00,4031.10009765625
2026-07-24 05:00:00+00:00,4029.800048828125
2026-07-24 06:00:00+00:00,4025.0
2026-07-24 07:00:00+00:00,4038.39990234375
2026-07-24 08:00:00+00:00,4051.10009765625
2026-07-24 09:00:00+00:00,4060.0
2026-07-24 10:00:00+00:00,4062.60009765625
2026-07-24 11:00:00+00:00,4062.199951171875
2026-07-24 12:00:00+00:00,4060.199951171875
2026-07-24 13:00:00+00:00,4058.5
2026-07-24 14:00:00+00:00,4070.0
2026-07-24 15:00:00+00:00,4066.199951171875
2026-07-24 16:00:00+00:00,4079.89990234375
2026-07-24 17:00:00+00:00,4069.5
2026-07-24 18:00:00+00:00,4065.800048828125
2026-07-24 19:00:00+00:00,4056.699951171875
2026-07-24 20:00:00+00:00,4056.10009765625
2026-07-24 21:00:00+00:00,4070.800048828125
2026-07-26 23:00:00+00:00,4092.199951171875
2026-07-27 00:00:00+00:00,4096.89990234375
2026-07-27 01:00:00+00:00,4102.60009765625
2026-07-27 02:00:00+00:00,4112.0
2026-07-27 03:00:00+00:00,4095.699951171875
2026-07-27 04:00:00+00:00,4092.5
2026-07-27 05:00:00+00:00,4091.699951171875
2026-07-27 06:00:00+00:00,4095.300048828125
2026-07-27 07:00:00+00:00,4098.39990234375
2026-07-27 08:00:00+00:00,4090.699951171875
2026-07-27 09:00:00+00:00,4097.7001953125
2026-07-27 10:00:00+00:00,4098.89990234375
2026-07-27 11:00:00+00:00,4102.10009765625
2026-07-27 12:00:00+00:00,4095.89990234375
2026-07-27 13:00:00+00:00,4085.199951171875
2026-07-27 14:00:00+00:00,4075.800048828125
2026-07-27 15:00:00+00:00,4078.39990234375
2026-07-27 16:00:00+00:00,4080.60009765625
2026-07-27 17:00:00+00:00,4084.10009765625
2026-07-27 18:00:00+00:00,4078.199951171875
2026-07-27 19:00:00+00:00,4079.800048828125
2026-07-27 20:00:00+00:00,4085.5
2026-07-27 21:00:00+00:00,4078.60009765625
2026-07-27 23:00:00+00:00,4075.10009765625
2026-07-28 00:00:00+00:00,4074.39990234375
2026-07-28 01:00:00+00:00,4058.5
2026-07-28 02:00:00+00:00,4045.699951171875
2026-07-28 03:00:00+00:00,4042.300048828125
2026-07-28 04:00:00+00:00,4049.60009765625
2026-07-28 05:00:00+00:00,4042.10009765625
2026-07-28 06:00:00+00:00,4045.199951171875
2026-07-28 07:00:00+00:00,4048.699951171875
2026-07-28 08:00:00+00:00,4047.300048828125
2026-07-28 09:00:00+00:00,4045.699951171875
2026-07-28 10:00:00+00:00,4023.300048828125
2026-07-28 11:00:00+00:00,4025.60009765625
2026-07-28 12:00:00+00:00,4027.800048828125
2026-07-28 13:00:00+00:00,4029.39990234375
2026-07-28 14:00:00+00:00,4021.39990234375
2026-07-28 15:00:00+00:00,4023.800048828125
2026-07-28 16:00:00+00:00,4046.5
2026-07-28 17:00:00+00:00,4037.60009765625
2026-07-28 18:00:00+00:00,4028.0
2026-07-28 19:00:00+00:00,4023.10009765625
2026-07-28 20:00:00+00:00,4025.89990234375
2026-07-28 21:00:00+00:00,4028.800048828125
2026-07-28 23:00:00+00:00,4017.89990234375
2026-07-29 00:00:00+00:00,4024.300048828125
2026-07-29 01:00:00+00:00,4021.300048828125
2026-07-29 02:00:00+00:00,4025.0
2026-07-29 03:00:00+00:00,4028.300048828125
2026-07-29 04:00:00+00:00,4021.5
2026-07-29 05:00:00+00:00,4025.39990234375
2026-07-29 06:00:00+00:00,4031.300048828125
2026-07-29 07:00:00+00:00,4039.800048828125
2026-07-29 08:00:00+00:00,4102.60009765625
2026-07-29 09:00:00+00:00,4096.5
2026-07-29 10:00:00+00:00,4091.89990234375
2026-07-29 11:00:00+00:00,4086.10009765625
2026-07-29 12:00:00+00:00,4091.5
2026-07-29 13:00:00+00:00,4080.89990234375
2026-07-29 14:00:00+00:00,4064.800048828125
2026-07-29 15:00:00+00:00,4063.199951171875
2026-07-29 16:00:00+00:00,4068.5
2026-07-29 17:00:00+00:00,4086.10009765625
2026-07-29 18:00:00+00:00,4102.89990234375
2026-07-29 19:00:00+00:00,4166.7998046875
2026-07-29 20:00:00+00:00,4104.7001953125
2026-07-29 21:00:00+00:00,4126.0
2026-07-29 23:00:00+00:00,4146.2998046875
2026-07-30 00:00:00+00:00,4142.0
2026-07-30 01:00:00+00:00,4129.7001953125
2026-07-30 02:00:00+00:00,4142.39990234375
2026-07-30 03:00:00+00:00,4121.39990234375
2026-07-30 04:00:00+00:00,4114.10009765625
2026-07-30 05:00:00+00:00,4102.5
2026-07-30 06:00:00+00:00,4090.39990234375
2026-07-30 07:00:00+00:00,4093.800048828125
2026-07-30 08:00:00+00:00,4096.10009765625
2026-07-30 09:00:00+00:00,4119.2001953125
2026-07-30 10:00:00+00:00,4121.5
2026-07-30 11:00:00+00:00,4136.39990234375
2026-07-30 12:00:00+00:00,4136.0
2026-07-30 13:00:00+00:00,4127.39990234375
2026-07-30 14:00:00+00:00,4172.0
2026-07-30 15:00:00+00:00,4159.10009765625
2026-07-30 16:00:00+00:00,4167.0
2026-07-30 17:00:00+00:00,4169.7998046875
2026-07-30 18:00:00+00:00,4161.5
2026-07-30 19:00:00+00:00,4158.7998046875
2026-07-30 20:00:00+00:00,4171.2001953125
2026-07-30 21:00:00+00:00,4162.7998046875
2026-07-30 23:00:00+00:00,4167.39990234375
2026-07-31 00:00:00+00:00,4164.39990234375
2026-07-31 01:00:00+00:00,4153.5
2026-07-31 02:00:00+00:00,4142.5
2026-07-31 03:00:00+00:00,4134.10009765625
2026-07-31 04:00:00+00:00,4133.10009765625
2026-07-31 05:00:00+00:00,4137.60009765625
2026-07-31 06:00:00+00:00,4132.10009765625
2026-07-31 07:00:00+00:00,4135.39990234375
2026-07-31 08:00:00+00:00,4125.10009765625
2026-07-31 09:00:00+00:00,4117.60009765625
2026-07-31 10:00:00+00:00,4111.2998046875
2026-07-31 11:00:00+00:00,4110.7998046875
2026-07-31 12:00:00+00:00,4110.0
2026-07-31 13:00:00+00:00,4096.7998046875
2026-07-31 14:00:00+00:00,4081.5
2026-07-31 15:00:00+00:00,4105.60009765625
2026-07-31 16:00:00+00:00,4101.7998046875
2026-07-31 17:00:00+00:00,4099.2998046875
2026-07-31 18:00:00+00:00,4109.7998046875
2026-07-31 19:00:00+00:00,4106.60009765625
2026-07-31 20:00:00+00:00,4107.7001953125
2026-07-31 21:00:00+00:00,4107.0
2026-08-02 23:00:00+00:00,4119.89990234375
2026-08-03 00:00:00+00:00,4130.39990234375
2026-08-03 01:00:00+00:00,4112.7998046875
2026-08-03 02:00:00+00:00,4112.7001953125
2026-08-03 03:00:00+00:00,4117.7998046875
2026-08-03 04:00:00+00:00,4120.0
2026-08-03 05:00:00+00:00,4119.2001953125
2026-08-03 06:00:00+00:00,4124.2001953125
2026-08-03 07:00:00+00:00,4118.89990234375
2026-08-03 08:00:00+00:00,4117.10009765625
2026-08-03 09:00:00+00:00,4115.0
2026-08-03 10:00:00+00:00,4111.60009765625
2026-08-03 11:00:00+00:00,4105.39990234375
2026-08-03 12:00:00+00:00,4118.89990234375
2026-08-03 13:00:00+00:00,4103.39990234375
2026-08-03 14:00:00+00:00,4087.199951171875
2026-08-03 15:00:00+00:00,4091.60009765625
2026-08-03 16:00:00+00:00,4091.60009765625
2026-08-03 17:00:00+00:00,4092.39990234375
2026-08-03 18:00:00+00:00,4086.39990234375
2026-08-03 19:00:00+00:00,4099.60009765625
2026-08-03 20:00:00+00:00,4108.2001953125
2026-08-03 21:00:00+00:00,4110.89990234375
2026-08-03 23:00:00+00:00,4108.60009765625
2026-08-04 00:00:00+00:00,4109.2998046875
2026-08-04 01:00:00+00:00,4104.89990234375
2026-08-04 02:00:00+00:00,4114.7998046875
2026-08-04 03:00:00+00:00,4114.60009765625
2026-08-04 04:00:00+00:00,4108.2001953125
2026-08-04 05:00:00+00:00,4119.2998046875
2026-08-04 06:00:00+00:00,4117.2998046875
2026-08-04 07:00:00+00:00,4119.2998046875
2026-08-04 08:00:00+00:00,4121.7998046875
2026-08-04 09:00:00+00:00,4110.7998046875
2026-08-04 10:00:00+00:00,4105.10009765625
2026-08-04 11:00:00+00:00,4109.7998046875
2026-08-04 12:00:00+00:00,4132.10009765625
2026-08-04 13:00:00+00:00,4127.7998046875
2026-08-04 14:00:00+00:00,4140.7001953125
2026-08-04 15:00:00+00:00,4140.39990234375
2026-08-04 16:00:00+00:00,4144.2001953125
2026-08-04 17:00:00+00:00,4150.39990234375
2026-08-04 18:00:00+00:00,4143.10009765625
2026-08-04 19:00:00+00:00,4136.7998046875
2026-08-04 20:00:00+00:00,4135.2998046875
2026-08-04 21:00:00+00:00,4134.2001953125
2026-08-04 23:00:00+00:00,4132.5
2026-08-05 00:00:00+00:00,4128.7001953125
2026-08-05 01:00:00+00:00,4138.2001953125
2026-08-05 02:00:00+00:00,4157.2001953125
2026-08-05 03:00:00+00:00,4186.2001953125
2026-08-05 04:00:00+00:00,4186.60009765625
2026-08-05 05:00:00+00:00,4193.39990234375
2026-08-05 06:00:00+00:00,4222.2001953125
2026-08-05 07:00:00+00:00,4237.10009765625
2026-08-05 08:00:00+00:00,4229.89990234375
2026-08-05 09:00:00+00:00,4219.7001953125
2026-08-05 10:00:00+00:00,4216.89990234375
2026-08-05 11:00:00+00:00,4220.39990234375
2026-08-05 12:00:00+00:00,4248.5
2026-08-05 13:00:00+00:00,4244.10009765625
2026-08-05 14:00:00+00:00,4265.7998046875
2026-08-05 15:00:00+00:00,4304.2998046875
2026-08-05 16:00:00+00:00,4293.0
2026-08-05 17:00:00+00:00,4302.7998046875
2026-08-05 18:00:00+00:00,4311.0
2026-08-05 19:00:00+00:00,4321.2001953125
2026-08-05 20:00:00+00:00,4307.60009765625
2026-08-05 21:00:00+00:00,4308.0
2026-08-05 23:00:00+00:00,4309.5
2026-08-06 00:00:00+00:00,4337.2998046875
2026-08-06 01:00:00+00:00,4354.7001953125
2026-08-06 02:00:00+00:00,4346.89990234375
2026-08-06 03:00:00+00:00,4337.7998046875
2026-08-06 04:00:00+00:00,4324.89990234375
2026-08-06 05:00:00+00:00,4321.39990234375
2026-08-06 06:00:00+00:00,4326.0
2026-08-06 07:00:00+00:00,4314.7001953125
2026-08-06 08:00:00+00:00,4321.7001953125
2026-08-06 09:00:00+00:00,4337.10009765625
2026-08-06 10:00:00+00:00,4332.60009765625
2026-08-06 11:00:00+00:00,4330.0
2026-08-06 12:00:00+00:00,4322.60009765625
2026-08-06 13:00:00+00:00,4308.60009765625
2026-08-06 14:00:00+00:00,4325.89990234375
2026-08-06 15:00:00+00:00,4332.2001953125
2026-08-06 16:00:00+00:00,4291.5
2026-08-06 17:00:00+00:00,4299.39990234375
2026-08-06 18:00:00+00:00,4305.7998046875
2026-08-06 19:00:00+00:00,4302.2001953125
2026-08-06 20:00:00+00:00,4307.7998046875
2026-08-06 21:00:00+00:00,4298.7001953125
2026-08-06 23:00:00+00:00,4298.2998046875
2026-08-07 00:00:00+00:00,4311.0
2026-08-07 01:00:00+00:00,4291.2001953125
2026-08-07 02:00:00+00:00,4314.7001953125
2026-08-07 03:00:00+00:00,4309.10009765625
2026-08-07 04:00:00+00:00,4322.7998046875
2026-08-07 05:00:00+00:00,4324.10009765625
2026-08-07 06:00:00+00:00,4337.7001953125
2026-08-07 07:00:00+00:00,4356.2998046875
2026-08-07 08:00:00+00:00,4348.89990234375
2026-08-07 09:00:00+00:00,4365.39990234375
2026-08-07 10:00:00+00:00,4375.60009765625
2026-08-07 11:00:00+00:00,4376.39990234375
2026-08-07 12:00:00+00:00,4380.7998046875
2026-08-07 13:00:00+00:00,4421.89990234375
2026-08-07 14:00:00+00:00,4408.2998046875
2026-08-07 15:00:00+00:00,4401.2998046875
2026-08-07 16:00:00+00:00,4400.39990234375
2026-08-07 17:00:00+00:00,4389.5
2026-08-07 18:00:00+00:00,4400.0
2026-08-07 19:00:00+00:00,4395.60009765625
2026-08-07 20:00:00+00:00,4403.10009765625
2026-08-07 21:00:00+00:00,4399.7001953125
2026-08-09 23:00:00+00:00,4400.2001953125
2026-08-10 00:00:00+00:00,4392.0
2026-08-10 01:00:00+00:00,4391.2998046875
2026-08-10 02:00:00+00:00,4383.0
2026-08-10 03:00:00+00:00,4380.0
2026-08-10 04:00:00+00:00,4387.7998046875
2026-08-10 05:00:00+00:00,4399.5
2026-08-10 06:00:00+00:00,4407.0
2026-08-10 07:00:00+00:00,4417.7998046875
2026-08-10 08:00:00+00:00,4414.7001953125
2026-08-10 09:00:00+00:00,4405.60009765625
2026-08-10 10:00:00+00:00,4400.10009765625
2026-08-10 11:00:00+00:00,4395.2001953125
2026-08-10 12:00:00+00:00,4393.89990234375
2026-08-10 13:00:00+00:00,4391.60009765625
2026-08-10 14:00:00+00:00,4376.2998046875
2026-08-10 15:00:00+00:00,4405.2001953125
2026-08-10 16:00:00+00:00,4417.89990234375
2026-08-10 17:00:00+00:00,4416.2998046875
2026-08-10 18:00:00+00:00,4419.2001953125
2026-08-10 19:00:00+00:00,4437.7001953125
2026-08-10 20:00:00+00:00,4446.7998046875
2026-08-10 21:00:00+00:00,4448.60009765625
2026-08-10 23:00:00+00:00,4459.0
2026-08-11 00:00:00+00:00,4462.10009765625
2026-08-11 01:00:00+00:00,4468.5
2026-08-11 02:00:00+00:00,4489.2001953125
2026-08-11 03:00:00+00:00,4470.7998046875
2026-08-11 04:00:00+00:00,4477.0
2026-08-11 05:00:00+00:00,4468.7001953125
2026-08-11 06:00:00+00:00,4435.2001953125
2026-08-11 07:00:00+00:00,4425.2998046875
2026-08-11 08:00:00+00:00,4416.60009765625
2026-08-11 09:00:00+00:00,4428.10009765625
2026-08-11 10:00:00+00:00,4431.39990234375
2026-08-11 11:00:00+00:00,4441.2001953125
2026-08-11 12:00:00+00:00,4446.10009765625
2026-08-11 13:00:00+00:00,4450.60009765625
2026-08-11 14:00:00+00:00,4448.2001953125
2026-08-11 15:00:00+00:00,4453.60009765625
2026-08-11 16:00:00+00:00,4443.2001953125
2026-08-11 17:00:00+00:00,4443.10009765625
2026-08-11 18:00:00+00:00,4428.2998046875
2026-08-11 19:00:00+00:00,4430.39990234375
2026-08-11 20:00:00+00:00,4429.7001953125
2026-08-11 21:00:00+00:00,4427.7998046875
2026-08-11 23:00:00+00:00,4427.89990234375
2026-08-12 00:00:00+00:00,4430.39990234375
2026-08-12 01:00:00+00:00,4440.2001953125
2026-08-12 02:00:00+00:00,4456.2001953125
2026-08-12 03:00:00+00:00,4470.7998046875
2026-08-12 04:00:00+00:00,4461.7998046875
2026-08-12 05:00:00+00:00,4461.0
2026-08-12 06:00:00+00:00,4451.0
2026-08-12 07:00:00+00:00,4463.2001953125
2026-08-12 08:00:00+00:00,4465.89990234375
2026-08-12 09:00:00+00:00,4460.60009765625
2026-08-12 10:00:00+00:00,4475.39990234375
2026-08-12 11:00:00+00:00,4472.0
2026-08-12 12:00:00+00:00,4472.39990234375
2026-08-12 13:00:00+00:00,4498.2001953125
2026-08-12 14:00:00+00:00,4487.39990234375
2026-08-12 15:00:00+00:00,4481.39990234375
2026-08-12 16:00:00+00:00,4480.39990234375
2026-08-12 17:00:00+00:00,4461.7001953125
2026-08-12 18:00:00+00:00,4459.60009765625
2026-08-12 19:00:00+00:00,4473.2001953125
2026-08-12 20:00:00+00:00,4473.89990234375
2026-08-12 21:00:00+00:00,4469.0
2026-08-12 23:00:00+00:00,4459.89990234375
2026-08-13 00:00:00+00:00,4473.10009765625
2026-08-13 01:00:00+00:00,4486.89990234375
2026-08-13 02:00:00+00:00,4467.0
2026-08-13 03:00:00+00:00,4465.7001953125
2026-08-13 04:00:00+00:00,4458.2998046875
2026-08-13 05:00:00+00:00,4455.5
2026-08-13 06:00:00+00:00,4440.39990234375
2026-08-13 07:00:00+00:00,4437.7001953125
2026-08-13 08:00:00+00:00,4426.39990234375
2026-08-13 09:00:00+00:00,4432.39990234375
2026-08-13 10:00:00+00:00,4441.7998046875
2026-08-13 11:00:00+00:00,4449.89990234375
2026-08-13 12:00:00+00:00,4444.39990234375
2026-08-13 13:00:00+00:00,4458.89990234375
2026-08-13 14:00:00+00:00,4429.10009765625
2026-08-13 15:00:00+00:00,4440.89990234375
2026-08-13 16:00:00+00:00,4422.39990234375
2026-08-13 17:00:00+00:00,4424.2001953125
2026-08-13 18:00:00+00:00,4412.39990234375
2026-08-13 19:00:00+00:00,4413.60009765625
2026-08-13 20:00:00+00:00,4406.2001953125
2026-08-13 21:00:00+00:00,4407.10009765625
2026-08-13 23:00:00+00:00,4410.2998046875
2026-08-14 00:00:00+00:00,4411.7998046875
2026-08-14 01:00:00+00:00,4396.39990234375
2026-08-14 02:00:00+00:00,4373.7001953125
2026-08-14 03:00:00+00:00,4370.7001953125
2026-08-14 04:00:00+00:00,4379.60009765625
2026-08-14 05:00:00+00:00,4382.0
2026-08-14 06:00:00+00:00,4389.5
2026-08-14 07:00:00+00:00,4391.60009765625
2026-08-14 08:00:00+00:00,4399.7998046875
2026-08-14 09:00:00+00:00,4404.7001953125
2026-08-14 10:00:00+00:00,4413.60009765625
2026-08-14 11:00:00+00:00,4405.5
2026-08-14 12:00:00+00:00,4425.7998046875
2026-08-14 13:00:00+00:00,4430.89990234375
2026-08-14 14:00:00+00:00,4442.0
2026-08-14 15:00:00+00:00,4438.60009765625
2026-08-14 16:00:00+00:00,4449.0
2026-08-14 17:00:00+00:00,4442.7001953125
2026-08-14 18:00:00+00:00,4435.5
2026-08-14 19:00:00+00:00,4430.2998046875
2026-08-14 20:00:00+00:00,4431.5
2026-08-14 21:00:00+00:00,4432.10009765625
2026-08-14 22:00:00+00:00,4437.2998046875
2026-08-16 23:00:00+00:00,4441.60009765625
2026-08-17 00:00:00+00:00,4425.5
2026-08-17 01:00:00+00:00,4457.2998046875
2026-08-17 02:00:00+00:00,4452.0
2026-08-17 03:00:00+00:00,4449.7998046875
2026-08-17 04:00:00+00:00,4453.7001953125
2026-08-17 05:00:00+00:00,4447.10009765625
2026-08-17 06:00:00+00:00,4451.2998046875
2026-08-17 07:00:00+00:00,4459.2998046875
2026-08-17 08:00:00+00:00,4461.5
2026-08-17 09:00:00+00:00,4451.10009765625
2026-08-17 10:00:00+00:00,4452.39990234375
2026-08-17 11:00:00+00:00,4455.7998046875
2026-08-17 12:00:00+00:00,4453.39990234375
2026-08-17 13:00:00+00:00,4441.39990234375
2026-08-17 14:00:00+00:00,4465.2998046875
2026-08-17 15:00:00+00:00,4474.5
2026-08-17 16:00:00+00:00,4484.7998046875
2026-08-17 17:00:00+00:00,4481.5
2026-08-17 18:00:00+00:00,4471.0
2026-08-17 19:00:00+00:00,4463.10009765625
2026-08-17 20:00:00+00:00,4475.7001953125
2026-08-17 21:00:00+00:00,4473.10009765625
2026-08-17 23:00:00+00:00,4467.89990234375
2026-08-18 00:00:00+00:00,4482.0
2026-08-18 01:00:00+00:00,4491.2001953125
2026-08-18 02:00:00+00:00,4464.60009765625
2026-08-18 03:00:00+00:00,4456.10009765625
2026-08-18 04:00:00+00:00,4448.10009765625
2026-08-18 05:00:00+00:00,4448.89990234375
2026-08-18 06:00:00+00:00,4450.2001953125
2026-08-18 07:00:00+00:00,4454.10009765625
2026-08-18 08:00:00+00:00,4451.2001953125
2026-08-18 09:00:00+00:00,4448.89990234375
2026-08-18 10:00:00+00:00,4449.7001953125
2026-08-18 11:00:00+00:00,4454.39990234375
2026-08-18 12:00:00+00:00,4452.2998046875
2026-08-18 13:00:00+00:00,4450.7001953125
2026-08-18 14:00:00+00:00,4451.0
2026-08-18 15:00:00+00:00,4422.2998046875
2026-08-18 16:00:00+00:00,4420.2001953125
2026-08-18 17:00:00+00:00,4419.0
2026-08-18 18:00:00+00:00,4413.2001953125
2026-08-18 19:00:00+00:00,4409.39990234375
2026-08-18 20:00:00+00:00,4400.0
2026-08-18 21:00:00+00:00,4389.5
2026-08-18 23:00:00+00:00,4386.7998046875
2026-08-19 00:00:00+00:00,4386.0
2026-08-19 01:00:00+00:00,4391.7998046875
2026-08-19 02:00:00+00:00,4410.2001953125
2026-08-19 03:00:00+00:00,4408.5
2026-08-19 04:00:00+00:00,4409.0
2026-08-19 05:00:00+00:00,4401.7998046875
2026-08-19 06:00:00+00:00,4389.0
2026-08-19 07:00:00+00:00,4402.7998046875
2026-08-19 08:00:00+00:00,4408.2998046875
2026-08-19 09:00:00+00:00,4409.7001953125
2026-08-19 10:00:00+00:00,4416.39990234375
2026-08-19 11:00:00+00:00,4422.2001953125
2026-08-19 12:00:00+00:00,4419.10009765625
2026-08-19 13:00:00+00:00,4496.2998046875
2026-08-19 14:00:00+00:00,4517.7998046875
2026-08-19 15:00:00+00:00,4546.7998046875
2026-08-19 16:00:00+00:00,4552.2001953125
2026-08-19 17:00:00+00:00,4551.0
2026-08-19 18:00:00+00:00,4545.0
2026-08-19 19:00:00+00:00,4553.2998046875
2026-08-19 20:00:00+00:00,4568.0
2026-08-19 21:00:00+00:00,4580.7001953125
2026-08-19 23:00:00+00:00,4575.89990234375
2026-08-20 00:00:00+00:00,4569.2001953125
2026-08-20 01:00:00+00:00,4562.0
2026-08-20 02:00:00+00:00,4547.39990234375
2026-08-20 03:00:00+00:00,4548.10009765625
2026-08-20 04:00:00+00:00,4555.7001953125
2026-08-20 05:00:00+00:00,4546.10009765625
2026-08-20 06:00:00+00:00,4538.5
2026-08-20 07:00:00+00:00,4550.7998046875
2026-08-20 08:00:00+00:00,4547.60009765625
2026-08-20 09:00:00+00:00,4546.10009765625
2026-08-20 10:00:00+00:00,4538.89990234375
2026-08-20 11:00:00+00:00,4546.39990234375
2026-08-20 12:00:00+00:00,4523.10009765625
2026-08-20 13:00:00+00:00,4529.7001953125
2026-08-20 14:00:00+00:00,4537.0
2026-08-20 15:00:00+00:00,4571.7001953125
2026-08-20 16:00:00+00:00,4577.2998046875
2026-08-20 17:00:00+00:00,4566.7001953125
2026-08-20 18:00:00+00:00,4576.0
2026-08-20 19:00:00+00:00,4578.5
2026-08-20 20:00:00+00:00,4584.89990234375
2026-08-20 21:00:00+00:00,4575.10009765625
2026-08-20 23:00:00+00:00,4580.2001953125
2026-08-21 00:00:00+00:00,4582.2001953125
2026-08-21 01:00:00+00:00,4567.2001953125
2026-08-21 02:00:00+00:00,4587.0
2026-08-21 03:00:00+00:00,4590.0
2026-08-21 04:00:00+00:00,4590.89990234375
2026-08-21 05:00:00+00:00,4596.7998046875
2026-08-21 06:00:00+00:00,4610.10009765625
2026-08-21 07:00:00+00:00,4617.89990234375
2026-08-21 08:00:00+00:00,4621.0
2026-08-21 09:00:00+00:00,4641.0
2026-08-21 10:00:00+00:00,4639.7001953125
2026-08-21 11:00:00+00:00,4645.7998046875
2026-08-21 12:00:00+00:00,4654.39990234375
2026-08-21 13:00:00+00:00,4634.7001953125
2026-08-21 14:00:00+00:00,4638.2998046875
2026-08-21 15:00:00+00:00,4648.10009765625
2026-08-21 16:00:00+00:00,4672.0
2026-08-21 17:00:00+00:00,4686.60009765625
2026-08-21 18:00:00+00:00,4678.7001953125
2026-08-21 19:00:00+00:00,4681.7998046875
2026-08-21 20:00:00+00:00,4674.7001953125
2026-08-21 21:00:00+00:00,4680.60009765625
2026-08-23 23:00:00+00:00,4663.10009765625
2026-08-24 00:00:00+00:00,4681.60009765625
2026-08-24 01:00:00+00:00,4678.7998046875
2026-08-24 02:00:00+00:00,4688.60009765625
2026-08-24 03:00:00+00:00,4700.39990234375
2026-08-24 04:00:00+00:00,4698.2001953125
2026-08-24 05:00:00+00:00,4695.2001953125
2026-08-24 06:00:00+00:00,4697.2998046875
2026-08-24 07:00:00+00:00,4706.7001953125
2026-08-24 08:00:00+00:00,4697.39990234375
2026-08-24 09:00:00+00:00,4693.5
2026-08-24 10:00:00+00:00,4702.39990234375
2026-08-24 11:00:00+00:00,4700.2998046875
2026-08-24 12:00:00+00:00,4715.0
2026-08-24 13:00:00+00:00,4720.7001953125
2026-08-24 14:00:00+00:00,4721.7998046875
2026-08-24 15:00:00+00:00,4727.60009765625
2026-08-24 16:00:00+00:00,4706.0
2026-08-24 17:00:00+00:00,4701.89990234375
2026-08-24 18:00:00+00:00,4693.2998046875
2026-08-24 19:00:00+00:00,4693.0
2026-08-24 20:00:00+00:00,4707.5
2026-08-24 21:00:00+00:00,4710.0
2026-08-24 23:00:00+00:00,4724.5
2026-08-25 00:00:00+00:00,4737.2001953125
2026-08-25 01:00:00+00:00,4741.0
2026-08-25 02:00:00+00:00,4714.7001953125
2026-08-25 03:00:00+00:00,4685.5
2026-08-25 04:00:00+00:00,4688.2998046875
2026-08-25 05:00:00+00:00,4681.10009765625
2026-08-25 06:00:00+00:00,4698.5
2026-08-25 07:00:00+00:00,4694.60009765625
2026-08-25 08:00:00+00:00,4686.10009765625
2026-08-25 09:00:00+00:00,4685.7001953125
2026-08-25 10:00:00+00:00,4691.7001953125
2026-08-25 11:00:00+00:00,4695.0
2026-08-25 12:00:00+00:00,4698.39990234375
2026-08-25 13:00:00+00:00,4695.7001953125
2026-08-25 14:00:00+00:00,4671.39990234375
2026-08-25 15:00:00+00:00,4691.60009765625
2026-08-25 16:00:00+00:00,4709.5
2026-08-25 17:00:00+00:00,4700.7998046875
2026-08-25 18:00:00+00:00,4705.7998046875
2026-08-25 19:00:00+00:00,4711.39990234375
2026-08-25 20:00:00+00:00,4723.39990234375
2026-08-25 21:00:00+00:00,4715.89990234375
2026-08-25 23:00:00+00:00,4729.7001953125
2026-08-26 00:00:00+00:00,4712.10009765625
2026-08-26 01:00:00+00:00,4694.2001953125
2026-08-26 02:00:00+00:00,4713.7998046875
2026-08-26 03:00:00+00:00,4715.2001953125
2026-08-26 04:00:00+00:00,4701.10009765625
2026-08-26 05:00:00+00:00,4697.60009765625
2026-08-26 06:00:00+00:00,4696.2998046875
2026-08-26 07:00:00+00:00,4690.60009765625
2026-08-26 08:00:00+00:00,4685.10009765625
2026-08-26 09:00:00+00:00,4683.7001953125
2026-08-26 10:00:00+00:00,4679.5
2026-08-26 11:00:00+00:00,4675.89990234375
2026-08-26 12:00:00+00:00,4680.2998046875
2026-08-26 13:00:00+00:00,4669.5
2026-08-26 14:00:00+00:00,4686.60009765625
2026-08-26 15:00:00+00:00,4658.2001953125
2026-08-26 16:00:00+00:00,4651.39990234375
2026-08-26 17:00:00+00:00,4647.10009765625
2026-08-26 18:00:00+00:00,4653.2001953125
2026-08-26 19:00:00+00:00,4648.5
2026-08-26 20:00:00+00:00,4648.89990234375
2026-08-26 21:00:00+00:00,4647.7998046875
2026-08-26 23:00:00+00:00,4663.2998046875
2026-08-27 00:00:00+00:00,4677.5
2026-08-27 01:00:00+00:00,4659.2001953125
2026-08-27 02:00:00+00:00,4694.60009765625
2026-08-27 03:00:00+00:00,4683.7001953125
2026-08-27 04:00:00+00:00,4679.0
2026-08-27 05:00:00+00:00,4673.0
2026-08-27 06:00:00+00:00,4661.2001953125
2026-08-27 07:00:00+00:00,4654.2998046875
2026-08-27 08:00:00+00:00,4653.39990234375
2026-08-27 09:00:00+00:00,4652.2998046875
2026-08-27 10:00:00+00:00,4633.2001953125
2026-08-27 11:00:00+00:00,4643.0
2026-08-27 12:00:00+00:00,4652.2998046875
2026-08-27 13:00:00+00:00,4639.2998046875
2026-08-27 14:00:00+00:00,4625.89990234375
2026-08-27 15:00:00+00:00,4645.10009765625
2026-08-27 16:00:00+00:00,4664.5
2026-08-27 17:00:00+00:00,4669.2998046875
2026-08-27 18:00:00+00:00,4660.39990234375
2026-08-27 19:00:00+00:00,4664.2998046875
2026-08-27 20:00:00+00:00,4662.7001953125
2026-08-27 21:00:00+00:00,4654.7998046875
2026-08-27 23:00:00+00:00,4664.10009765625
2026-08-28 00:00:00+00:00,4647.60009765625
2026-08-28 01:00:00+00:00,4641.2001953125
2026-08-28 02:00:00+00:00,4628.89990234375
2026-08-28 03:00:00+00:00,4638.89990234375
2026-08-28 04:00:00+00:00,4631.39990234375
2026-08-28 05:00:00+00:00,4636.39990234375
2026-08-28 06:00:00+00:00,4625.5
2026-08-28 07:00:00+00:00,4665.5
2026-08-28 08:00:00+00:00,4665.0
2026-08-28 09:00:00+00:00,4656.2998046875
2026-08-28 10:00:00+00:00,4658.7001953125
2026-08-28 11:00:00+00:00,4653.10009765625
2026-08-28 12:00:00+00:00,4645.60009765625
2026-08-28 13:00:00+00:00,4654.10009765625
2026-08-28 14:00:00+00:00,4657.5
2026-08-28 15:00:00+00:00,4629.0
2026-08-28 16:00:00+00:00,4575.7001953125
2026-08-28 17:00:00+00:00,4529.89990234375
2026-08-28 18:00:00+00:00,4519.7001953125
2026-08-28 19:00:00+00:00,4506.5
2026-08-28 20:00:00+00:00,4507.89990234375
2026-08-28 21:00:00+00:00,4529.89990234375
2026-08-30 23:00:00+00:00,4510.89990234375
2026-08-31 00:00:00+00:00,4507.7998046875
2026-08-31 01:00:00+00:00,4505.7001953125
2026-08-31 02:00:00+00:00,4489.60009765625
2026-08-31 03:00:00+00:00,4472.2998046875
2026-08-31 04:00:00+00:00,4472.0
2026-08-31 05:00:00+00:00,4474.60009765625
2026-08-31 06:00:00+00:00,4492.7001953125
2026-08-31 07:00:00+00:00,4489.39990234375
2026-08-31 08:00:00+00:00,4493.2998046875
2026-08-31 09:00:00+00:00,4485.60009765625
2026-08-31 10:00:00+00:00,4496.0
2026-08-31 11:00:00+00:00,4504.5
2026-08-31 12:00:00+00:00,4506.2001953125
2026-08-31 13:00:00+00:00,4486.89990234375
2026-08-31 14:00:00+00:00,4469.10009765625
2026-08-31 15:00:00+00:00,4481.7001953125
2026-08-31 16:00:00+00:00,4475.5
2026-08-31 17:00:00+00:00,4482.60009765625
2026-08-31 18:00:00+00:00,4485.60009765625
2026-08-31 19:00:00+00:00,4480.2998046875
2026-08-31 20:00:00+00:00,4502.0
2026-08-31 21:00:00+00:00,4497.2998046875
2026-08-31 23:00:00+00:00,4495.5
2026-09-01 00:00:00+00:00,4501.0
2026-09-01 01:00:00+00:00,4502.7001953125
2026-09-01 02:00:00+00:00,4493.10009765625
2026-09-01 03:00:00+00:00,4492.39990234375
2026-09-01 04:00:00+00:00,4487.0
2026-09-01 05:00:00+00:00,4475.2001953125
2026-09-01 06:00:00+00:00,4489.0
2026-09-01 07:00:00+00:00,4478.0
2026-09-01 08:00:00+00:00,4468.7001953125
2026-09-01 09:00:00+00:00,4419.39990234375
2026-09-01 10:00:00+00:00,4413.7001953125
2026-09-01 11:00:00+00:00,4426.89990234375
2026-09-01 12:00:00+00:00,4422.89990234375
2026-09-01 13:00:00+00:00,4404.7001953125
2026-09-01 14:00:00+00:00,4413.89990234375
2026-09-01 15:00:00+00:00,4408.7998046875
2026-09-01 16:00:00+00:00,4421.7001953125
2026-09-01 17:00:00+00:00,4399.60009765625
2026-09-01 18:00:00+00:00,4391.10009765625
2026-09-01 19:00:00+00:00,4379.39990234375
2026-09-01 20:00:00+00:00,4374.0
2026-09-01 21:00:00+00:00,4375.7001953125
2026-09-01 23:00:00+00:00,4375.7001953125
2026-09-02 00:00:00+00:00,4370.60009765625
2026-09-02 01:00:00+00:00,4362.5
2026-09-02 02:00:00+00:00,4338.10009765625
2026-09-02 03:00:00+00:00,4350.0
2026-09-02 04:00:00+00:00,4348.7998046875
2026-09-02 05:00:00+00:00,4353.7001953125
2026-09-02 06:00:00+00:00,4366.7001953125
2026-09-02 07:00:00+00:00,4368.2998046875
2026-09-02 08:00:00+00:00,4369.7998046875
2026-09-02 09:00:00+00:00,4359.60009765625
2026-09-02 10:00:00+00:00,4355.89990234375
2026-09-02 11:00:00+00:00,4356.60009765625
2026-09-02 12:00:00+00:00,4379.60009765625
2026-09-02 13:00:00+00:00,4378.2998046875
2026-09-02 14:00:00+00:00,4433.0
2026-09-02 15:00:00+00:00,4424.2001953125
2026-09-02 16:00:00+00:00,4419.89990234375
2026-09-02 17:00:00+00:00,4415.10009765625
2026-09-02 18:00:00+00:00,4423.39990234375
2026-09-02 19:00:00+00:00,4420.2998046875
2026-09-02 20:00:00+00:00,4437.7001953125
2026-09-02 21:00:00+00:00,4434.2998046875
2026-09-02 23:00:00+00:00,4429.7998046875
2026-09-03 00:00:00+00:00,4431.0
2026-09-03 01:00:00+00:00,4440.5
2026-09-03 02:00:00+00:00,4455.0
2026-09-03 03:00:00+00:00,4466.0
2026-09-03 04:00:00+00:00,4477.10009765625
2026-09-03 05:00:00+00:00,4483.0
2026-09-03 06:00:00+00:00,4477.0
2026-09-03 07:00:00+00:00,4466.39990234375
2026-09-03 08:00:00+00:00,4474.7001953125
2026-09-03 09:00:00+00:00,4481.10009765625
2026-09-03 10:00:00+00:00,4473.89990234375
2026-09-03 11:00:00+00:00,4473.2001953125
2026-09-03 12:00:00+00:00,4490.2001953125
2026-09-03 13:00:00+00:00,4540.89990234375
2026-09-03 14:00:00+00:00,4517.10009765625
2026-09-03 15:00:00+00:00,4531.89990234375
2026-09-03 16:00:00+00:00,4540.7998046875
2026-09-03 17:00:00+00:00,4533.7001953125
2026-09-03 18:00:00+00:00,4535.7001953125
2026-09-03 19:00:00+00:00,4522.89990234375
2026-09-03 20:00:00+00:00,4522.89990234375
2026-09-03 21:00:00+00:00,4520.0
2026-09-03 22:00:00+00:00,4520.2998046875
2026-09-03 23:00:00+00:00,4521.60009765625
2026-09-04 00:00:00+00:00,4526.89990234375
2026-09-04 01:00:00+00:00,4532.89990234375
2026-09-04 02:00:00+00:00,4525.2001953125
2026-09-04 03:00:00+00:00,4523.7998046875
2026-09-04 04:00:00+00:00,4513.7998046875
2026-09-04 05:00:00+00:00,4520.39990234375
2026-09-04 06:00:00+00:00,4518.2001953125
2026-09-04 07:00:00+00:00,4509.5
2026-09-04 08:00:00+00:00,4530.2998046875
2026-09-04 09:00:00+00:00,4524.2998046875
2026-09-04 10:00:00+00:00,4511.7998046875
2026-09-04 11:00:00+00:00,4518.89990234375
2026-09-04 12:00:00+00:00,4513.10009765625
2026-09-04 13:00:00+00:00,4440.60009765625
2026-09-04 14:00:00+00:00,4459.89990234375
2026-09-04 15:00:00+00:00,4474.2998046875
2026-09-04 16:00:00+00:00,4483.2998046875
2026-09-04 17:00:00+00:00,4483.60009765625
2026-09-04 18:00:00+00:00,4464.0
2026-09-04 19:00:00+00:00,4471.2998046875
2026-09-04 20:00:00+00:00,4482.0
2026-09-04 21:00:00+00:00,4476.60009765625
2026-09-08 05:00:00+00:00,4481.60009765625
2026-09-08 06:00:00+00:00,4464.39990234375
2026-09-08 07:00:00+00:00,4448.2998046875
2026-09-08 08:00:00+00:00,4436.7001953125
2026-09-08 09:00:00+00:00,4438.5
2026-09-08 10:00:00+00:00,4447.2001953125
2026-09-08 11:00:00+00:00,4439.89990234375
2026-09-08 12:00:00+00:00,4450.89990234375
2026-09-08 13:00:00+00:00,4456.10009765625
2026-09-08 14:00:00+00:00,4440.2998046875
2026-09-08 15:00:00+00:00,4443.39990234375
2026-09-08 16:00:00+00:00,4439.7998046875
2026-09-08 17:00:00+00:00,4438.2998046875
2026-09-08 18:00:00+00:00,4434.2998046875
2026-09-08 19:00:00+00:00,4420.10009765625
2026-09-08 20:00:00+00:00,4404.5
2026-09-08 21:00:00+00:00,4400.0
2026-09-08 23:00:00+00:00,4397.39990234375
2026-09-09 00:00:00+00:00,4393.10009765625
2026-09-09 01:00:00+00:00,4408.7998046875
2026-09-09 02:00:00+00:00,4417.7001953125
2026-09-09 03:00:00+00:00,4426.0
2026-09-09 04:00:00+00:00,4420.39990234375
2026-09-09 05:00:00+00:00,4425.2998046875
2026-09-09 06:00:00+00:00,4442.2998046875
2026-09-09 07:00:00+00:00,4444.7001953125
2026-09-09 08:00:00+00:00,4452.89990234375
2026-09-09 09:00:00+00:00,4444.60009765625
2026-09-09 10:00:00+00:00,4434.60009765625
2026-09-09 11:00:00+00:00,4442.89990234375
2026-09-09 12:00:00+00:00,4451.60009765625
2026-09-09 13:00:00+00:00,4444.39990234375
2026-09-09 14:00:00+00:00,4459.2998046875
2026-09-09 15:00:00+00:00,4463.2001953125
2026-09-09 16:00:00+00:00,4442.7001953125
2026-09-09 17:00:00+00:00,4454.39990234375
2026-09-09 18:00:00+00:00,4461.2001953125
2026-09-09 19:00:00+00:00,4448.2001953125
2026-09-09 20:00:00+00:00,4444.39990234375
2026-09-09 21:00:00+00:00,4447.2001953125
2026-09-09 23:00:00+00:00,4443.89990234375
2026-09-10 00:00:00+00:00,4437.5
2026-09-10 01:00:00+00:00,4444.5
2026-09-10 02:00:00+00:00,4455.2001953125
2026-09-10 03:00:00+00:00,4462.7001953125
2026-09-10 04:00:00+00:00,4451.89990234375
2026-09-10 05:00:00+00:00,4451.39990234375
2026-09-10 06:00:00+00:00,4475.0
2026-09-10 07:00:00+00:00,4469.2998046875
2026-09-10 08:00:00+00:00,4454.89990234375
2026-09-10 09:00:00+00:00,4437.7998046875
2026-09-10 10:00:00+00:00,4437.0
2026-09-10 11:00:00+00:00,4421.39990234375
2026-09-10 12:00:00+00:00,4416.7001953125
2026-09-10 13:00:00+00:00,4381.7998046875
2026-09-10 14:00:00+00:00,4408.5
2026-09-10 15:00:00+00:00,4400.10009765625
2026-09-10 16:00:00+00:00,4407.7998046875
2026-09-10 17:00:00+00:00,4406.39990234375
2026-09-10 18:00:00+00:00,4394.2001953125
2026-09-10 19:00:00+00:00,4374.39990234375
2026-09-10 20:00:00+00:00,4365.7001953125
2026-09-10 21:00:00+00:00,4358.5
2026-09-10 23:00:00+00:00,4358.7998046875
2026-09-11 00:00:00+00:00,4354.5
2026-09-11 01:00:00+00:00,4372.2001953125
2026-09-11 02:00:00+00:00,4369.10009765625
2026-09-11 03:00:00+00:00,4363.2001953125
2026-09-11 04:00:00+00:00,4345.0
2026-09-11 05:00:00+00:00,4372.10009765625
2026-09-11 06:00:00+00:00,4386.60009765625
2026-09-11 07:00:00+00:00,4394.7998046875
2026-09-11 08:00:00+00:00,4386.10009765625
2026-09-11 09:00:00+00:00,4388.7001953125
2026-09-11 10:00:00+00:00,4388.2001953125
2026-09-11 11:00:00+00:00,4379.39990234375
2026-09-11 12:00:00+00:00,4375.0
2026-09-11 13:00:00+00:00,4430.2998046875
2026-09-11 14:00:00+00:00,4443.89990234375
2026-09-11 15:00:00+00:00,4412.5
2026-09-11 16:00:00+00:00,4408.60009765625
2026-09-11 17:00:00+00:00,4403.7998046875
2026-09-11 18:00:00+00:00,4400.60009765625
2026-09-11 19:00:00+00:00,4389.10009765625
2026-09-11 20:00:00+00:00,4391.0
2026-09-11 21:00:00+00:00,4408.89990234375
2026-09-13 23:00:00+00:00,4378.39990234375
2026-09-14 00:00:00+00:00,4373.2998046875
2026-09-14 01:00:00+00:00,4379.60009765625
2026-09-14 02:00:00+00:00,4394.5
2026-09-14 03:00:00+00:00,4371.7998046875
2026-09-14 04:00:00+00:00,4370.60009765625
2026-09-14 05:00:00+00:00,4369.60009765625
2026-09-14 06:00:00+00:00,4378.10009765625
2026-09-14 07:00:00+00:00,4362.5
2026-09-14 08:00:00+00:00,4350.7001953125
2026-09-14 09:00:00+00:00,4346.60009765625
2026-09-14 10:00:00+00:00,4325.2001953125
2026-09-14 11:00:00+00:00,4334.39990234375
2026-09-14 12:00:00+00:00,4326.89990234375
2026-09-14 13:00:00+00:00,4310.7998046875
2026-09-14 14:00:00+00:00,4312.2001953125
2026-09-14 15:00:00+00:00,4320.10009765625
2026-09-14 16:00:00+00:00,4329.10009765625
2026-09-14 17:00:00+00:00,4356.5
2026-09-14 18:00:00+00:00,4351.60009765625
2026-09-14 19:00:00+00:00,4347.7998046875
2026-09-14 20:00:00+00:00,4324.10009765625
2026-09-14 21:00:00+00:00,4340.0
2026-09-14 23:00:00+00:00,4335.89990234375
2026-09-15 00:00:00+00:00,4329.0
2026-09-15 01:00:00+00:00,4333.60009765625
2026-09-15 02:00:00+00:00,4344.10009765625
2026-09-15 03:00:00+00:00,4354.89990234375
2026-09-15 04:00:00+00:00,4345.10009765625
2026-09-15 05:00:00+00:00,4344.7998046875
2026-09-15 06:00:00+00:00,4331.2001953125
2026-09-15 07:00:00+00:00,4333.60009765625
2026-09-15 08:00:00+00:00,4320.7001953125
2026-09-15 09:00:00+00:00,4302.7998046875
2026-09-15 10:00:00+00:00,4308.7001953125
2026-09-15 11:00:00+00:00,4321.7998046875
2026-09-15 12:00:00+00:00,4324.39990234375
2026-09-15 13:00:00+00:00,4330.60009765625
2026-09-15 14:00:00+00:00,4334.60009765625
2026-09-15 15:00:00+00:00,4316.7998046875
2026-09-15 16:00:00+00:00,4329.89990234375
2026-09-15 17:00:00+00:00,4335.60009765625
2026-09-15 18:00:00+00:00,4335.2998046875
2026-09-15 19:00:00+00:00,4348.7001953125
2026-09-15 20:00:00+00:00,4337.2998046875
2026-09-15 21:00:00+00:00,4333.39990234375
2026-09-15 23:00:00+00:00,4329.2001953125
2026-09-16 00:00:00+00:00,4323.2998046875
2026-09-16 01:00:00+00:00,4317.10009765625
2026-09-16 02:00:00+00:00,4321.7998046875
2026-09-16 03:00:00+00:00,4362.10009765625
2026-09-16 04:00:00+00:00,4367.2001953125
2026-09-16 05:00:00+00:00,4362.60009765625
2026-09-16 06:00:00+00:00,4366.89990234375
2026-09-16 07:00:00+00:00,4373.2001953125
2026-09-16 08:00:00+00:00,4369.0
2026-09-16 09:00:00+00:00,4371.10009765625
2026-09-16 10:00:00+00:00,4379.10009765625
2026-09-16 11:00:00+00:00,4391.89990234375
2026-09-16 12:00:00+00:00,4382.7998046875
2026-09-16 13:00:00+00:00,4388.39990234375
2026-09-16 14:00:00+00:00,4379.89990234375
2026-09-16 15:00:00+00:00,4397.2998046875
2026-09-16 16:00:00+00:00,4394.7001953125
2026-09-16 17:00:00+00:00,4388.5
2026-09-16 18:00:00+00:00,4399.0
2026-09-16 19:00:00+00:00,4301.2998046875
2026-09-16 20:00:00+00:00,4311.39990234375
2026-09-16 21:00:00+00:00,4302.5
2026-09-16 23:00:00+00:00,4304.7001953125
2026-09-17 00:00:00+00:00,4309.7001953125
2026-09-17 01:00:00+00:00,4318.5
2026-09-17 02:00:00+00:00,4337.89990234375
2026-09-17 03:00:00+00:00,4315.2001953125
2026-09-17 04:00:00+00:00,4335.39990234375
2026-09-17 05:00:00+00:00,4336.10009765625
2026-09-17 06:00:00+00:00,4342.60009765625
2026-09-17 07:00:00+00:00,4349.5
2026-09-17 08:00:00+00:00,4366.10009765625
2026-09-17 09:00:00+00:00,4350.7001953125
2026-09-17 10:00:00+00:00,4345.10009765625
2026-09-17 11:00:00+00:00,4363.7001953125
2026-09-17 12:00:00+00:00,4390.0
2026-09-17 13:00:00+00:00,4413.7998046875
2026-09-17 14:00:00+00:00,4407.39990234375
2026-09-17 15:00:00+00:00,4394.5
2026-09-17 16:00:00+00:00,4409.7998046875
2026-09-17 17:00:00+00:00,4401.89990234375
2026-09-17 18:00:00+00:00,4400.2998046875
2026-09-17 19:00:00+00:00,4390.89990234375
2026-09-17 20:00:00+00:00,4385.2001953125
2026-09-17 21:00:00+00:00,4380.60009765625
2026-09-17 23:00:00+00:00,4383.0
2026-09-18 00:00:00+00:00,4385.0
2026-09-18 01:00:00+00:00,4394.89990234375
2026-09-18 02:00:00+00:00,4387.0
2026-09-18 03:00:00+00:00,4385.39990234375
2026-09-18 04:00:00+00:00,4396.60009765625
2026-09-18 05:00:00+00:00,4406.39990234375
2026-09-18 06:00:00+00:00,4416.89990234375
2026-09-18 07:00:00+00:00,4433.5
2026-09-18 08:00:00+00:00,4433.2998046875
2026-09-18 09:00:00+00:00,4432.10009765625
2026-09-18 10:00:00+00:00,4416.10009765625
2026-09-18 11:00:00+00:00,4421.2998046875
2026-09-18 12:00:00+00:00,4425.7001953125
